{
    "var_id": "10:104004362:A:G",
    "8988T": 0.028302498161792755,
    "AoSMC": 0.00030688708648085594,
    "Chorion": 0.008441571146249771,
    "CLL": 0.023847874253988266,
    "Fibrobl": 0.016255348920822144,
    "FibroP": 0.004177652299404144,
    "Gliobla": 0.006001356057822704,
    "GM12891": 0.033356331288814545,
    "GM12892": 0.04251432418823242,
    "GM18507": 0.01931585557758808,
    "GM19238": 0.04065878689289093,
    "GM19239": 0.027586985379457474,
    "GM19240": 0.04436710849404335,
    "H9ES": 0.07748015969991684,
    "HeLa-S3_IFNa4h": 0.001750575378537178,
    "Hepatocytes": 0.010664142668247223,
    "HPDE6-E6E7": 0.004598128609359264,
    "HSMM_emb": 0.008466655388474464,
    "HTR8svn": 0.002807880751788616,
    "Huh-7_5": 0.009387604892253876,
    "Huh-7": 0.007520526647567749,
    "iPS": 0.07543499767780304,
    "Ishikawa_Estradiol": 0.015424059703946114,
    "Ishikawa_4OHTAM": 0.014527993276715279,
    "LNCaP_androgen": 0.025310378521680832,
    "MCF-7_Hypoxia": 0.0100385881960392,
    "Medullo": 0.027908653020858765,
    "Melano": 0.012971274554729462,
    "Myometr": 0.003283374011516571,
    "Osteobl": 0.0108528733253479,
    "PanIsletD": 0.0013217413797974586,
    "PanIslets": 0.03532755374908447,
    "pHTE": 0.02435949444770813,
    "ProgFib": 0.002678174525499344,
    "RWPE1": 0.002238429617136717,
    "Stellate": 0.0027275527827441692,
    "T-47D": 0.013026796281337738,
    "CD4_Th0": 0.0508948490023613,
    "Urothelia": 0.010340958833694458,
    "Urothelia_UT189": 0.008717766031622887,
    "AG04449": 0.00036859174724668264,
    "AG04450": 0.0012362967245280743,
    "AG09309": 0.0002170824445784092,
    "AG09319": 0.0003378047840669751,
    "AG10803": 0.0004246355965733528,
    "AoAF": 0.00019809266086667776,
    "BE2_C": 0.011174052953720093,
    "BJ": 0.0005245152860879898,
    "Caco-2": 0.0027819573879241943,
    "CD20+": 0.026516307145357132,
    "CD34+": 0.06582598388195038,
    "CMK": 0.0332016721367836,
    "GM06990": 0.015427825041115284,
    "GM12864": 0.02614598348736763,
    "GM12865": 0.030573885887861252,
    "H7-hESC": 0.04417765140533447,
    "HAc": 0.0027295383624732494,
    "HAEpiC": 0.001927410252392292,
    "HA-h": 0.002015703357756138,
    "HA-sp": 0.003339674323797226,
    "HBMEC": 0.001729306997731328,
    "HCF": 0.0017807979602366686,
    "HCFaa": 0.0011856951750814915,
    "HCM": 0.0023501573596149683,
    "HConF": 0.0006973163690418005,
    "HCPEpiC": 0.0038747629150748253,
    "HCT-116": 0.0029259207658469677,
    "HEEpiC": 0.0021961992606520653,
    "HFF": 0.0014573021326214075,
    "HFF-Myc": 0.011477174237370491,
    "HGF": 0.00025426188949495554,
    "HIPEpiC": 0.002199480775743723,
    "HL-60": 0.01739026978611946,
    "HMF": 0.00042725232196971774,
    "HMVEC-dAd": 0.010645730420947075,
    "HMVEC-dBl-Ad": 0.018984269350767136,
    "HMVEC-dBl-Neo": 0.020499296486377716,
    "HMVEC-dLy-Ad": 0.012927161529660225,
    "HMVEC-dLy-Neo": 0.014411133714020252,
    "HMVEC-dNeo": 0.012354538775980473,
    "HMVEC-LBl": 0.010753820650279522,
    "HMVEC-LLy": 0.01712379977107048,
    "HNPCEpiC": 0.0017215057741850615,
    "HPAEC": 0.009607616811990738,
    "HPAF": 0.002323171589523554,
    "HPdLF": 0.00045838148798793554,
    "HPF": 0.0011086594313383102,
    "HRCEpiC": 0.003800774458795786,
    "HRE": 0.0042002517729997635,
    "HRGEC": 0.010456711985170841,
    "HRPEpiC": 0.00573338009417057,
    "HVMF": 0.0023212237283587456,
    "Jurkat": 0.11541213095188141,
    "Monocytes-CD14+": 0.00892822165042162,
    "NB4": 0.019257670268416405,
    "NH-A": 0.0007478445768356323,
    "NHDF-Ad": 0.0006536247674375772,
    "NHDF-neo": 0.0005118993576616049,
    "NHLF": 0.0008076310623437166,
    "NT2-D1": 0.04366545379161835,
    "PANC-1": 0.004940515849739313,
    "PrEC": 0.0031749685294926167,
    "RPTEC": 0.002366408007219434,
    "SAEC": 0.0029948516748845577,
    "SKMC": 0.003373319050297141,
    "SK-N-MC": 0.023752927780151367,
    "SK-N-SH_RA": 0.010615017265081406,
    "Th2": 0.012603336945176125,
    "WERI-Rb-1": 0.07906597852706909,
    "WI-38": 0.0014273880515247583,
    "WI-38_4OHTAM": 0.004918678663671017,
    "A549": 0.006397411227226257,
    "GM12878": 0.0402957983314991,
    "H1-hESC": 0.07550220191478729,
    "HeLa-S3": 0.0006624273955821991,
    "HepG2": 0.01774860918521881,
    "HMEC": 0.00709109753370285,
    "HSMM": 0.005172761157155037,
    "HSMMtube": 0.011240143328905106,
    "HUVEC": 0.023849567398428917,
    "K562": 0.009932488203048706,
    "LNCaP": 0.0317775160074234,
    "MCF-7": 0.003528207540512085,
    "NHEK": 0.0036555081605911255,
    "Th1": 0.06883370876312256,
    "LNG_IMR90": 0.0010623896960169077,
    "ESC_H9": 0.07612129300832748,
    "ESC_H1": 0.07995949685573578,
    "IPSC_DF_6_9": 0.07684098929166794,
    "IPSC_DF_19_11": 0.09196513891220093,
    "ESDR_H1_NEUR_PROG": 0.028356827795505524,
    "ESDR_H1_BMP4_MESO": 0.003512650728225708,
    "ESDR_H1_BMP4_TROP": 0.008566729724407196,
    "ESDR_H1_MSC": 0.003928198479115963,
    "BLD_CD3_PPC": 0.030062707141041756,
    "BLD_CD3_CPC": 0.03621162474155426,
    "BLD_CD14_PC": 0.005688033532351255,
    "BLD_MOB_CD34_PC_M": 0.05333614721894264,
    "BLD_MOB_CD34_PC_F": 0.06042269989848137,
    "BLD_CD19_PPC": 0.028038866817951202,
    "BLD_CD56_PC": 0.017082393169403076,
    "SKIN_PEN_FRSK_FIB_01": 0.0016499711200594902,
    "SKIN_PEN_FRSK_FIB_02": 0.0013320643920451403,
    "SKIN_PEN_FRSK_MEL_01": 0.005322556011378765,
    "SKIN_PEN_FRSK_KER_02": 0.002842959947884083,
    "BRST_HMEC_35": 0.0020209704525768757,
    "THYM_FET": 0.07563354074954987,
    "BRN_FET_F": 0.05544382706284523,
    "BRN_FET_M": 0.03876427561044693,
    "MUS_PSOAS": 0.0037823498714715242,
    "MUS_TRNK_FET": 0.02614579163491726,
    "MUS_LEG_FET": 0.02366277575492859,
    "HRT_FET": 0.019480859860777855,
    "GI_STMC_FET": 0.03762400150299072,
    "GI_S_INT_FET": 0.017754903063178062,
    "GI_L_INT_FET": 0.01902402564883232,
    "GI_S_INT": 0.019275952130556107,
    "GI_STMC_GAST": 0.011666135862469673,
    "KID_FET": 0.038589708507061005,
    "LNG_FET": 0.03900500386953354,
    "OVRY": 0.007107182405889034,
    "ADRL_GLND_FET": 0.01311708614230156,
    "PLCNT_FET": 0.016142074018716812,
    "PANC": 0.007726196199655533
}